id,first_name,last_name,email,gender,ip_address
1,Zandra,Menpes,zmenpes0@cbsnews.com,Female,69.55.23.121
2,Ginnie,Wickliffe,gwickliffe1@networksolutions.com,Female,53.221.239.209
3,Binny,Brimmicombe,bbrimmicombe2@people.com.cn,Female,24.123.137.204
4,Cornie,Widocks,cwidocks3@cnbc.com,Male,243.180.16.220
5,Joline,Carabine,jcarabine4@admin.ch,Polygender,229.36.184.49
6,Petey,Desbrow,pdesbrow5@themeforest.net,Male,26.46.95.199
7,Davida,Hartnell,dhartnell6@uiuc.edu,Female,228.52.221.48
8,Ara,Thompstone,athompstone7@wix.com,Male,201.106.132.243
9,Vaughn,Oldrey,voldrey8@epa.gov,Male,77.205.24.168
10,Petronia,Newcom,pnewcom9@phoca.cz,Agender,209.205.37.82
11,Tarah,Bonde,tbondea@bloglines.com,Female,142.83.176.234
12,Josh,Kimbling,jkimblingb@google.co.uk,Male,107.53.211.145
13,Karissa,Bramhall,kbramhallc@hugedomains.com,Female,145.238.31.31
14,Kirbee,Oldknowe,koldknowed@wiley.com,Female,172.232.10.189
15,Rodi,Ryde,rrydee@nbcnews.com,Genderqueer,101.211.162.225
16,Serena,Jolliman,sjollimanf@chronoengine.com,Female,183.159.209.196
17,Muire,Drewe,mdreweg@senate.gov,Female,248.102.195.241
18,Kylen,Pepper,kpepperh@behance.net,Female,100.220.152.209
19,Burg,McCrann,bmccranni@geocities.com,Bigender,153.219.124.235
20,Graig,Maxfield,gmaxfieldj@mlb.com,Male,42.66.2.149
21,Alisun,Gomar,agomark@bravesites.com,Female,205.10.72.76
22,Shannon,Speak,sspeakl@vkontakte.ru,Male,122.156.136.220
23,Neron,Donnellan,ndonnellanm@nature.com,Genderfluid,129.182.108.81
24,Clemente,Juggings,cjuggingsn@netscape.com,Genderqueer,119.195.110.94
25,Rockie,Harp,rharpo@kickstarter.com,Male,123.226.175.16
26,Fredrika,Scrowston,fscrowstonp@berkeley.edu,Female,218.44.89.144
27,Ki,Gallop,kgallopq@ucsd.edu,Female,179.8.77.9
28,Quillan,Brooke,qbrooker@com.com,Male,189.105.26.72
29,Spike,Wickmann,swickmanns@wikia.com,Male,129.202.184.249
30,Jonathon,Gunson,jgunsont@seesaa.net,Male,219.80.103.200
31,Alica,Cockshtt,acockshttu@zdnet.com,Female,207.42.237.94
32,Franny,Bracher,fbracherv@imdb.com,Female,212.135.152.172
33,Niels,Plume,nplumew@alexa.com,Male,136.90.116.228
34,Eolande,Merman,emermanx@google.co.uk,Female,203.170.121.176
35,Kerstin,Batisse,kbatissey@1688.com,Female,121.61.158.22
36,Kerwin,Slany,kslanyz@sun.com,Male,89.20.135.60
37,Peggie,Hasel,phasel10@uol.com.br,Female,10.106.124.222
38,Alick,Blasiak,ablasiak11@imageshack.us,Male,62.117.188.147
39,Arlene,Senescall,asenescall12@patch.com,Female,96.99.21.162
40,Sophi,Stiell,sstiell13@usda.gov,Female,154.47.148.3
41,Jefferey,Bartos,jbartos14@csmonitor.com,Male,238.116.96.75
42,Tymothy,Morgan,tmorgan15@icio.us,Bigender,35.36.217.87
43,Olia,Frudd,ofrudd16@gov.uk,Female,155.155.60.196
44,Sarge,Wallentin,swallentin17@cbsnews.com,Male,218.101.146.55
45,Chickie,Broun,cbroun18@twitter.com,Male,56.164.214.34
46,Ellen,Hessing,ehessing19@w3.org,Non-binary,66.134.16.170
47,Alleyn,Gorce,agorce1a@symantec.com,Male,109.248.208.5
48,Sherilyn,Junkison,sjunkison1b@i2i.jp,Female,76.96.59.8
49,Goldy,Dwerryhouse,gdwerryhouse1c@springer.com,Female,14.112.2.119
50,Margot,Osbourn,mosbourn1d@g.co,Female,180.213.170.144
51,Jerrie,Skoyles,jskoyles1e@cbslocal.com,Male,121.46.188.27
52,Kiele,Pendrill,kpendrill1f@wikispaces.com,Female,38.236.215.189
53,Paolina,Malcolm,pmalcolm1g@wiley.com,Female,194.121.3.174
54,Chrissy,Schubert,cschubert1h@friendfeed.com,Female,208.139.28.10
55,Myron,Albarez,malbarez1i@ifeng.com,Male,24.101.193.171
56,Katha,Littlechild,klittlechild1j@wufoo.com,Female,122.52.132.233
57,Emelia,Speake,espeake1k@arizona.edu,Female,155.150.35.165
58,Amye,McGilben,amcgilben1l@fotki.com,Female,18.91.96.136
59,Miller,Calbert,mcalbert1m@bing.com,Male,124.80.39.154
60,Adena,Draysey,adraysey1n@g.co,Female,235.127.222.97
61,Aldin,Dryden,adryden1o@feedburner.com,Male,121.239.73.36
62,Bryn,Murra,bmurra1p@wikimedia.org,Female,149.220.74.192
63,Maude,Laux,mlaux1q@t-online.de,Polygender,228.20.60.147
64,Freddi,Martinolli,fmartinolli1r@nationalgeographic.com,Female,128.145.109.174
65,Masha,Simka,msimka1s@gmpg.org,Female,188.139.63.94
66,Sauncho,Jepensen,sjepensen1t@desdev.cn,Male,118.93.81.31
67,Gil,Varley,gvarley1u@prweb.com,Genderfluid,68.202.4.124
68,Leora,Ambrodi,lambrodi1v@e-recht24.de,Female,153.249.77.244
69,Lauree,Summersby,lsummersby1w@vinaora.com,Female,41.55.40.159
70,Sayer,MacGown,smacgown1x@myspace.com,Male,151.222.229.107
71,Elysia,Orsi,eorsi1y@jiathis.com,Female,112.175.59.130
72,Norris,King,nking1z@amazon.com,Polygender,251.130.176.142
73,Temple,Ughi,tughi20@microsoft.com,Polygender,107.90.95.227
74,Den,Athersmith,dathersmith21@kickstarter.com,Genderqueer,152.62.21.51
75,Ring,MacSporran,rmacsporran22@yandex.ru,Male,251.78.138.90
76,Olva,Cobelli,ocobelli23@noaa.gov,Female,139.153.233.120
77,Rhodia,Lightowlers,rlightowlers24@blinklist.com,Female,84.141.168.53
78,Baily,Macari,bmacari25@webmd.com,Male,122.135.6.19
79,Claudelle,Cocker,ccocker26@spotify.com,Female,184.30.215.79
80,Benedetta,Caplin,bcaplin27@jugem.jp,Female,238.77.71.14
81,Wynn,Donlon,wdonlon28@nymag.com,Male,177.7.227.235
82,Pebrook,Birley,pbirley29@ed.gov,Male,174.145.61.40
83,Allie,Antao,aantao2a@usatoday.com,Male,128.57.207.19
84,Saree,Pascow,spascow2b@yahoo.com,Female,84.229.182.168
85,Dela,Antyshev,dantyshev2c@acquirethisname.com,Genderfluid,110.204.123.38
86,Vanny,Hammell,vhammell2d@trellian.com,Female,210.108.236.15
87,Reggy,Marfell,rmarfell2e@mozilla.org,Male,93.241.221.200
88,Zsa zsa,Rozenbaum,zrozenbaum2f@opera.com,Female,124.247.128.180
89,Gaylene,Merrell,gmerrell2g@ebay.com,Female,242.82.40.71
90,Garvy,Stacey,gstacey2h@imdb.com,Male,144.185.250.247
91,Annabela,Baldrick,abaldrick2i@nhs.uk,Female,151.162.242.225
92,Ladonna,Oliveras,loliveras2j@psu.edu,Female,87.165.195.104
93,Rainer,Deveraux,rdeveraux2k@nsw.gov.au,Male,82.81.45.102
94,Jdavie,de'-Ancy Willis,jdeancywillis2l@bloglovin.com,Male,163.83.9.60
95,Rene,Balsillie,rbalsillie2m@wordpress.com,Male,222.36.46.90
96,Berke,Meys,bmeys2n@bing.com,Male,11.233.14.134
97,Natala,Douris,ndouris2o@netscape.com,Female,218.139.220.21
98,Leigha,Frow,lfrow2p@google.com.br,Female,169.140.82.155
99,Ardyce,Arrell,aarrell2q@alexa.com,Female,49.161.242.77
100,Kayle,Loudwell,kloudwell2r@wunderground.com,Female,72.145.114.194
101,Brandyn,Mariette,bmariette2s@washington.edu,Male,58.165.107.128
102,Edlin,Maryet,emaryet2t@sfgate.com,Male,174.163.71.168
103,Filippo,todor,ftodor2u@goo.gl,Male,192.0.26.71
104,Reidar,Jurges,rjurges2v@bluehost.com,Male,82.208.188.178
105,Piotr,Gogin,pgogin2w@xing.com,Male,74.38.163.58
106,Mozes,Hillborne,mhillborne2x@sfgate.com,Male,72.96.224.216
107,Lotte,Gateman,lgateman2y@cbsnews.com,Female,9.217.203.187
108,Viviana,Powrie,vpowrie2z@phpbb.com,Female,165.105.9.69
109,Far,Skace,fskace30@hubpages.com,Male,11.35.81.241
110,Vania,Bartod,vbartod31@amazonaws.com,Female,172.216.239.137
111,Sydney,Napolione,snapolione32@oracle.com,Female,24.214.146.213
112,Fredric,Crambie,fcrambie33@twitter.com,Male,185.182.107.165
113,Neddy,Moorhouse,nmoorhouse34@archive.org,Male,33.38.166.187
114,Letty,Mapledoram,lmapledoram35@latimes.com,Female,165.173.86.139
115,Fair,Court,fcourt36@nps.gov,Male,39.180.183.39
116,Norbert,Colcomb,ncolcomb37@slideshare.net,Male,241.51.50.192
117,Merrel,Grangier,mgrangier38@eventbrite.com,Male,52.25.254.72
118,Sibelle,Meigh,smeigh39@foxnews.com,Female,1.220.15.17
119,Dennison,Aspland,daspland3a@ocn.ne.jp,Male,60.88.156.66
120,Alvera,Hasluck,ahasluck3b@chicagotribune.com,Female,202.145.151.121
121,Clio,Nanuccioi,cnanuccioi3c@google.com.hk,Female,6.151.131.227
122,Isidor,Lockhart,ilockhart3d@quantcast.com,Male,242.79.55.251
123,Faber,Kelley,fkelley3e@accuweather.com,Male,92.247.59.41
124,Tiffanie,Boylan,tboylan3f@ted.com,Female,106.91.246.8
125,Paquito,Amsberger,pamsberger3g@uol.com.br,Male,6.42.101.244
126,Tonie,O'Lennachain,tolennachain3h@cisco.com,Female,143.167.22.40
127,Salmon,Kearsley,skearsley3i@accuweather.com,Male,3.186.171.55
128,Flss,MacGaffey,fmacgaffey3j@tumblr.com,Female,125.140.86.123
129,Padriac,Pleaden,ppleaden3k@businesswire.com,Male,177.164.43.4
130,Bebe,Westerman,bwesterman3l@tumblr.com,Female,7.109.180.143
131,Georgette,Chantillon,gchantillon3m@state.gov,Female,148.51.251.103
132,Judie,Muck,jmuck3n@free.fr,Female,83.123.87.54
133,Riva,Caughan,rcaughan3o@sciencedaily.com,Female,248.243.39.7
134,Lowe,Perrat,lperrat3p@examiner.com,Male,132.229.0.160
135,Adriane,Blazey,ablazey3q@woothemes.com,Female,120.55.177.229
136,Moll,Harbottle,mharbottle3r@posterous.com,Genderfluid,106.144.251.110
137,Eddy,Smails,esmails3s@diigo.com,Male,86.208.147.12
138,Aeriela,Cordobes,acordobes3t@list-manage.com,Female,236.69.136.143
139,Lena,Barmadier,lbarmadier3u@goo.gl,Female,202.28.147.10
140,Mitch,Durnall,mdurnall3v@miitbeian.gov.cn,Male,136.12.110.138
141,Daphene,Vondrak,dvondrak3w@yandex.ru,Non-binary,141.53.232.166
142,Torre,Fossord,tfossord3x@jigsy.com,Male,221.29.25.198
143,Ottilie,Flowith,oflowith3y@dot.gov,Female,104.141.123.248
144,Huey,Langhorne,hlanghorne3z@howstuffworks.com,Male,168.74.137.161
145,Lacey,Hurley,lhurley40@youtu.be,Female,213.30.61.193
146,Bernette,Outram,boutram41@time.com,Female,123.248.242.165
147,Gayler,Bandy,gbandy42@tinyurl.com,Male,21.161.31.103
148,Tiffany,But,tbut43@alibaba.com,Female,99.122.20.145
149,Patric,Beane,pbeane44@walmart.com,Male,168.96.225.244
150,Larine,Van Velden,lvanvelden45@tinyurl.com,Female,237.20.24.191
151,Fredrika,Kettoe,fkettoe46@acquirethisname.com,Female,230.55.77.52
152,Vernen,Chadwell,vchadwell47@youku.com,Male,61.85.17.164
153,Odella,Montague,omontague48@geocities.jp,Female,252.144.56.65
154,Raimund,Spuffard,rspuffard49@symantec.com,Male,27.133.156.153
155,Clarine,McCathie,cmccathie4a@nyu.edu,Female,229.117.78.171
156,Friederike,Dunklee,fdunklee4b@google.co.jp,Female,241.148.43.45
157,Cathrine,Ianittello,cianittello4c@com.com,Bigender,203.144.231.87
158,Rafaello,Bolding,rbolding4d@wired.com,Male,183.237.76.5
159,Debi,McFeat,dmcfeat4e@devhub.com,Bigender,5.241.123.31
160,Trula,Warwick,twarwick4f@digg.com,Female,138.226.197.158
161,Rickard,Geibel,rgeibel4g@timesonline.co.uk,Male,65.231.14.107
162,Erhart,Niesel,eniesel4h@hatena.ne.jp,Male,172.112.203.108
163,Minne,Georgeau,mgeorgeau4i@marketwatch.com,Female,229.226.97.98
164,Gradeigh,Beange,gbeange4j@ocn.ne.jp,Male,71.168.208.147
165,Karim,Van der Kruys,kvanderkruys4k@cloudflare.com,Male,51.138.92.137
166,Dacy,Winsley,dwinsley4l@cnbc.com,Female,100.184.246.220
167,Riane,Stango,rstango4m@moonfruit.com,Female,233.14.219.204
168,Tremain,Preskett,tpreskett4n@163.com,Male,209.3.6.109
169,Fernande,Sloan,fsloan4o@telegraph.co.uk,Female,57.212.33.30
170,Isidoro,McEttigen,imcettigen4p@yellowbook.com,Male,202.41.204.228
171,Cheryl,Jacobson,cjacobson4q@bloomberg.com,Female,38.245.104.198
172,Dianna,Vynall,dvynall4r@senate.gov,Female,159.42.242.111
173,Elsinore,Mapson,emapson4s@hubpages.com,Female,177.184.125.96
174,Giselbert,Lundie,glundie4t@state.tx.us,Male,120.138.82.191
175,Renie,Ecclestone,recclestone4u@amazon.com,Female,116.180.103.39
176,Inglebert,Frankiewicz,ifrankiewicz4v@cdc.gov,Male,94.196.170.254
177,Niko,Carstairs,ncarstairs4w@forbes.com,Male,86.159.183.43
178,Aloisia,Coldtart,acoldtart4x@amazon.com,Female,8.88.120.34
179,Roze,Hofton,rhofton4y@goodreads.com,Female,64.72.211.89
180,Pablo,Bleakley,pbleakley4z@photobucket.com,Male,102.162.169.78
181,Codee,Ruddell,cruddell50@jimdo.com,Female,150.242.98.180
182,Albert,Paik,apaik51@google.nl,Male,168.178.167.166
183,Carlye,Rathke,crathke52@last.fm,Agender,76.152.253.19
184,Starla,Thirkettle,sthirkettle53@reddit.com,Female,19.237.110.174
185,Hershel,Kinchlea,hkinchlea54@google.ca,Male,105.145.130.220
186,Carla,Fawlo,cfawlo55@exblog.jp,Female,211.151.216.189
187,Neile,Chretien,nchretien56@yelp.com,Female,9.117.170.202
188,Dot,Durtnell,ddurtnell57@java.com,Genderqueer,77.239.131.134
189,Merrel,Sketch,msketch58@weibo.com,Male,216.133.223.118
190,Spenser,Simpson,ssimpson59@woothemes.com,Male,16.146.58.255
191,Irwin,Bankhurst,ibankhurst5a@mac.com,Agender,198.136.249.212
192,Noella,Ody,nody5b@plala.or.jp,Female,11.37.14.234
193,Woodrow,Gosker,wgosker5c@joomla.org,Male,25.158.242.57
194,Marion,Casemore,mcasemore5d@nydailynews.com,Male,73.91.170.202
195,Lena,Hanaby,lhanaby5e@gravatar.com,Female,44.204.254.159
196,Orbadiah,Ginnelly,oginnelly5f@usatoday.com,Male,63.202.37.185
197,Clayborn,Ellsom,cellsom5g@oakley.com,Male,35.185.195.120
198,Boycie,Beecker,bbeecker5h@time.com,Male,148.18.49.48
199,Titos,Baudouin,tbaudouin5i@ebay.com,Genderqueer,142.76.184.14
200,Rosaline,Murgatroyd,rmurgatroyd5j@nps.gov,Female,124.154.221.233
201,Enoch,Clohissy,eclohissy5k@networksolutions.com,Male,29.84.121.239
202,Pedro,Matfield,pmatfield5l@spiegel.de,Male,190.229.50.90
203,Erskine,Kunath,ekunath5m@so-net.ne.jp,Male,50.198.99.132
204,Pierson,Folini,pfolini5n@amazon.co.jp,Male,33.219.68.97
205,Markos,Waghorne,mwaghorne5o@weather.com,Polygender,34.119.132.14
206,Ara,Gordge,agordge5p@miibeian.gov.cn,Male,73.109.167.214
207,Kellen,Marran,kmarran5q@ycombinator.com,Female,177.112.180.109
208,Babbie,Basil,bbasil5r@umich.edu,Female,101.214.145.46
209,Elmo,Adiscot,eadiscot5s@cargocollective.com,Male,99.210.251.60
210,Linc,Bartrum,lbartrum5t@furl.net,Male,201.142.1.35
211,Casar,Curton,ccurton5u@aboutads.info,Male,255.9.138.211
212,Donal,Clemenzi,dclemenzi5v@de.vu,Male,109.202.36.96
213,Berkie,Haggar,bhaggar5w@berkeley.edu,Male,223.100.47.8
214,Enrique,Simmon,esimmon5x@merriam-webster.com,Agender,189.112.47.39
215,West,Naughton,wnaughton5y@state.gov,Genderfluid,3.141.233.206
216,Emilee,Albro,ealbro5z@webs.com,Female,28.238.204.53
217,Kaleena,Saull,ksaull60@miibeian.gov.cn,Genderfluid,105.81.128.122
218,Anton,Remirez,aremirez61@goodreads.com,Male,116.123.187.15
219,Cesya,Sudddard,csudddard62@guardian.co.uk,Female,119.134.136.65
220,Clayborn,Tukesby,ctukesby63@pinterest.com,Male,157.63.93.142
221,Gifford,Kopfer,gkopfer64@cbsnews.com,Male,246.194.78.54
222,Connor,Crannell,ccrannell65@typepad.com,Male,31.108.136.60
223,Lorens,Bosward,lbosward66@patch.com,Male,123.49.196.217
224,Derril,Defau,ddefau67@liveinternet.ru,Male,27.229.140.192
225,Averyl,Smorthit,asmorthit68@xinhuanet.com,Female,191.34.46.50
226,Arly,Masseo,amasseo69@sina.com.cn,Female,126.115.146.234
227,Pincus,Ruthen,pruthen6a@discuz.net,Male,134.179.43.254
228,Alvy,Sommerled,asommerled6b@globo.com,Male,113.116.167.10
229,Herold,Titt,htitt6c@bbc.co.uk,Male,55.56.190.54
230,Gayel,Crompton,gcrompton6d@kickstarter.com,Female,20.198.126.253
231,Avery,Bruckstein,abruckstein6e@dagondesign.com,Male,68.139.109.141
232,Burk,Robiot,brobiot6f@earthlink.net,Male,32.148.51.164
233,Frazier,Dowdam,fdowdam6g@cafepress.com,Male,181.6.117.139
234,Danita,Scandrite,dscandrite6h@aboutads.info,Female,127.251.15.90
235,Albert,Strugnell,astrugnell6i@npr.org,Male,195.93.11.77
236,Benedikta,Bringloe,bbringloe6j@mayoclinic.com,Female,128.75.35.166
237,Con,Talby,ctalby6k@ycombinator.com,Polygender,83.69.106.89
238,Sunny,Annon,sannon6l@dagondesign.com,Male,220.159.242.253
239,Powell,Otridge,potridge6m@slideshare.net,Male,38.135.187.38
240,Quintina,Dellow,qdellow6n@dell.com,Female,117.24.189.169
241,Jay,Kundt,jkundt6o@time.com,Male,110.3.202.209
242,Alix,Mullender,amullender6p@edublogs.org,Female,77.84.180.69
243,Jacky,Harpham,jharpham6q@wisc.edu,Male,236.68.130.121
244,Boot,Bachmann,bbachmann6r@ted.com,Male,105.226.129.245
245,Sebastian,Nobes,snobes6s@google.fr,Male,192.182.154.245
246,Ynes,Slimon,yslimon6t@barnesandnoble.com,Female,161.201.50.109
247,Cordey,Wroe,cwroe6u@time.com,Bigender,134.138.72.71
248,Jakie,Hemerijk,jhemerijk6v@infoseek.co.jp,Male,244.53.2.8
249,Scot,Hacard,shacard6w@networkadvertising.org,Male,151.145.242.148
250,Mavis,Van Saltsberg,mvansaltsberg6x@friendfeed.com,Female,114.13.88.142
251,Essie,Sapena,esapena6y@dailymail.co.uk,Female,203.60.165.202
252,Charin,Floyd,cfloyd6z@berkeley.edu,Female,19.171.165.56
253,Sancho,Garnsworthy,sgarnsworthy70@japanpost.jp,Male,239.171.13.107
254,Elka,Easom,eeasom71@smugmug.com,Female,124.125.69.125
255,Sonni,Ceschelli,sceschelli72@umich.edu,Female,146.161.245.122
256,Butch,Wright,bwright73@sun.com,Male,183.60.116.222
257,Skelly,Buy,sbuy74@netscape.com,Male,245.207.75.112
258,Gizela,Menpes,gmenpes75@ucoz.com,Female,139.157.213.134
259,Damian,Lightwing,dlightwing76@si.edu,Male,65.129.250.22
260,Terri,McGlade,tmcglade77@usgs.gov,Female,154.46.26.180
261,Mordecai,Dudley,mdudley78@blinklist.com,Male,22.157.42.7
262,Linus,Amberg,lamberg79@washingtonpost.com,Male,175.227.221.105
263,Reyna,Barnet,rbarnet7a@ovh.net,Female,67.219.132.9
264,Mohandis,Belcham,mbelcham7b@homestead.com,Male,69.235.236.14
265,Emmery,Gooder,egooder7c@webnode.com,Male,194.46.138.166
266,Major,Silveston,msilveston7d@cnn.com,Male,38.223.184.72
267,Sibella,Decaze,sdecaze7e@tripod.com,Female,163.92.212.210
268,Bartlett,Grocutt,bgrocutt7f@usnews.com,Male,110.24.85.33
269,Kial,McDavid,kmcdavid7g@newsvine.com,Female,114.196.213.246
270,Giana,Coniam,gconiam7h@angelfire.com,Female,187.4.219.207
271,Nathaniel,Dowsett,ndowsett7i@abc.net.au,Male,120.57.82.201
272,Elie,Moyles,emoyles7j@github.io,Female,153.205.211.239
273,Job,Calbaithe,jcalbaithe7k@hexun.com,Male,79.241.81.0
274,Ambrosi,MacKim,amackim7l@comcast.net,Male,124.0.205.181
275,Nealson,Rickesies,nrickesies7m@accuweather.com,Genderfluid,174.93.146.226
276,Tremain,Bruckent,tbruckent7n@pen.io,Genderfluid,195.20.71.145
277,Laurent,Hanselmann,lhanselmann7o@npr.org,Male,226.9.140.76
278,Nevins,Freathy,nfreathy7p@sbwire.com,Male,59.148.123.192
279,Henrieta,Rive,hrive7q@angelfire.com,Female,115.167.246.182
280,Claire,Garnall,cgarnall7r@wikia.com,Female,89.240.166.77
281,Waldo,Kaveney,wkaveney7s@bbc.co.uk,Male,176.214.72.111
282,Moina,Brownlea,mbrownlea7t@ftc.gov,Female,218.57.68.147
283,Mahmoud,Cool,mcool7u@wp.com,Male,105.127.50.14
284,Alec,Cohalan,acohalan7v@skyrock.com,Male,216.47.32.35
285,Hilliary,Garrish,hgarrish7w@studiopress.com,Female,15.145.79.204
286,Lira,O'Mara,lomara7x@wikia.com,Female,176.16.109.197
287,Sonnie,Braven,sbraven7y@nps.gov,Female,117.220.97.143
288,Kelcie,Clabburn,kclabburn7z@ft.com,Female,212.5.42.139
289,Noell,Farington,nfarington80@51.la,Female,247.42.93.2
290,Wanids,Gerlack,wgerlack81@cnet.com,Female,241.207.81.219
291,Katuscha,Yekel,kyekel82@usa.gov,Female,224.133.150.229
292,Latrina,Kobisch,lkobisch83@facebook.com,Female,92.240.9.96
293,Phillip,Handforth,phandforth84@odnoklassniki.ru,Male,156.164.130.104
294,Elsa,Matelaitis,ematelaitis85@opera.com,Female,144.89.136.254
295,Reidar,Fissenden,rfissenden86@latimes.com,Male,169.86.112.184
296,Cordell,Trow,ctrow87@buzzfeed.com,Male,162.123.93.63
297,Gregor,Piatkowski,gpiatkowski88@livejournal.com,Male,39.254.32.56
298,Fowler,Connow,fconnow89@addthis.com,Male,198.211.57.128
299,Ginni,Miguel,gmiguel8a@alibaba.com,Female,100.242.0.191
300,Dwight,Ghest,dghest8b@nifty.com,Male,174.235.117.232
301,Llywellyn,Rickeard,lrickeard8c@hc360.com,Male,192.234.228.108
302,Ross,MacDonough,rmacdonough8d@economist.com,Male,67.102.113.83
303,Joeann,Coneley,jconeley8e@bandcamp.com,Female,190.90.144.238
304,Kearney,Grestye,kgrestye8f@tmall.com,Male,142.241.60.132
305,Samson,Skurray,sskurray8g@etsy.com,Non-binary,85.192.50.151
306,Eliot,Helian,ehelian8h@tripod.com,Male,118.19.37.208
307,Noelyn,Brettell,nbrettell8i@un.org,Female,85.120.35.216
308,Gifford,Doulton,gdoulton8j@google.cn,Male,242.145.245.142
309,Ambrosius,Jonson,ajonson8k@feedburner.com,Male,180.122.150.43
310,Madelina,Fitzsymon,mfitzsymon8l@netscape.com,Bigender,238.135.109.171
311,Fan,Vedyashkin,fvedyashkin8m@xinhuanet.com,Female,194.73.162.222
312,Carrissa,Wainwright,cwainwright8n@flickr.com,Female,160.88.178.249
313,Kirsti,Frie,kfrie8o@google.cn,Female,135.130.202.40
314,Emera,Norewood,enorewood8p@themeforest.net,Female,230.126.117.19
315,Micheil,Linforth,mlinforth8q@examiner.com,Male,203.201.226.175
316,Keefer,Yerlett,kyerlett8r@ca.gov,Male,9.86.115.88
317,Wilbur,Fursey,wfursey8s@nifty.com,Male,114.94.179.254
318,Doyle,Fullerd,dfullerd8t@vinaora.com,Male,177.24.34.210
319,Celestyn,Chawner,cchawner8u@spiegel.de,Female,189.6.191.125
320,Selinda,Drowsfield,sdrowsfield8v@cisco.com,Female,104.91.24.135
321,Ilise,Houseley,ihouseley8w@drupal.org,Female,179.183.85.122
322,Davey,Salzberger,dsalzberger8x@prlog.org,Male,132.195.228.83
323,Matilde,Escofier,mescofier8y@xing.com,Female,234.169.138.143
324,Nelie,Schuricke,nschuricke8z@github.com,Female,77.107.1.196
325,Harry,Jefferies,hjefferies90@home.pl,Male,229.111.87.55
326,Nannie,Chettoe,nchettoe91@trellian.com,Female,100.64.9.158
327,Hersh,Carrivick,hcarrivick92@unblog.fr,Non-binary,139.149.46.234
328,Ines,Bates,ibates93@usa.gov,Female,109.13.148.248
329,Henri,Natt,hnatt94@bandcamp.com,Male,61.160.201.6
330,Stefan,Flanigan,sflanigan95@nasa.gov,Male,23.135.13.109
331,Elwin,Marchbank,emarchbank96@nifty.com,Male,108.165.121.39
332,Quinn,Aarons,qaarons97@php.net,Male,168.226.18.105
333,Karola,Hourstan,khourstan98@biblegateway.com,Female,151.189.144.208
334,Margalo,McAllan,mmcallan99@gmpg.org,Genderfluid,3.152.205.102
335,Elsy,Gergher,egergher9a@flickr.com,Female,23.242.165.144
336,Nanine,Parkyns,nparkyns9b@cocolog-nifty.com,Female,9.168.193.225
337,Gabi,Barta,gbarta9c@is.gd,Female,149.205.229.49
338,Jenine,Choudhury,jchoudhury9d@stumbleupon.com,Female,170.191.22.92
339,Lynnelle,Klulik,lklulik9e@washingtonpost.com,Female,227.182.6.137
340,Sandi,Tredger,stredger9f@blogspot.com,Female,87.200.209.99
341,Ivie,Hadenton,ihadenton9g@diigo.com,Female,0.74.242.19
342,Innis,Leach,ileach9h@weather.com,Genderqueer,204.139.170.117
343,Ferdinanda,Ivanaev,fivanaev9i@amazon.co.jp,Female,217.194.215.236
344,Jethro,Selvey,jselvey9j@ed.gov,Male,32.52.210.239
345,Cullie,Van der Baaren,cvanderbaaren9k@theguardian.com,Male,228.128.35.220
346,Angelico,Ciubutaro,aciubutaro9l@a8.net,Male,28.110.191.229
347,Vicky,Summerton,vsummerton9m@craigslist.org,Female,32.34.157.91
348,Amble,Bing,abing9n@seesaa.net,Male,194.158.7.142
349,Reinaldos,Bullough,rbullough9o@usgs.gov,Male,158.63.49.86
350,Brady,Cawson,bcawson9p@arstechnica.com,Male,205.195.61.34
351,Tully,Corser,tcorser9q@goo.gl,Male,43.226.123.233
352,Caroljean,Cranmore,ccranmore9r@theglobeandmail.com,Female,222.85.16.158
353,Odette,Kiljan,okiljan9s@rambler.ru,Female,175.33.150.251
354,Ade,Levee,alevee9t@icq.com,Male,204.21.154.207
355,Stoddard,Butt,sbutt9u@diigo.com,Female,132.36.92.199
356,Porter,Charrett,pcharrett9v@domainmarket.com,Male,50.200.165.116
357,Elita,O'Donnelly,eodonnelly9w@unicef.org,Female,148.9.218.124
358,Emogene,Wintersgill,ewintersgill9x@webs.com,Female,19.185.71.248
359,Clary,Connerly,cconnerly9y@macromedia.com,Female,176.171.109.133
360,Dore,Ply,dply9z@purevolume.com,Male,71.249.2.162
361,Filippo,Hazle,fhazlea0@ebay.com,Male,139.93.95.175
362,Mattie,Roglieri,mroglieria1@howstuffworks.com,Polygender,169.208.78.14
363,Winny,Bloom,wblooma2@phoca.cz,Male,67.251.219.149
364,Ingunna,Norville,inorvillea3@twitpic.com,Female,21.94.90.3
365,Madelena,Soppit,msoppita4@jugem.jp,Female,138.99.183.21
366,Hobey,Bradock,hbradocka5@ebay.co.uk,Genderfluid,121.41.111.94
367,Nana,Giddons,ngiddonsa6@moonfruit.com,Female,23.97.162.60
368,Joete,Rosenbusch,jrosenbuscha7@washington.edu,Genderfluid,91.61.11.55
369,Nissie,Kiddle,nkiddlea8@ft.com,Female,177.47.54.27
370,Leigh,Haggart,lhaggarta9@narod.ru,Female,212.239.217.113
371,Armstrong,Verny,avernyaa@walmart.com,Bigender,209.252.192.44
372,Beauregard,Abbot,babbotab@pinterest.com,Male,41.246.138.122
373,Auberon,Barrand,abarrandac@google.fr,Male,97.9.109.2
374,Neill,Relton,nreltonad@mozilla.com,Polygender,188.77.34.222
375,Joly,McWhinnie,jmcwhinnieae@odnoklassniki.ru,Genderqueer,167.180.154.142
376,Noelyn,O' Hern,nohernaf@networkadvertising.org,Female,4.115.114.45
377,Lilian,Kestle,lkestleag@ebay.co.uk,Female,154.69.230.189
378,Auguste,Dicty,adictyah@mail.ru,Female,168.251.121.26
379,Hamnet,Readwin,hreadwinai@yellowbook.com,Bigender,149.137.153.138
380,Dante,McEnhill,dmcenhillaj@sciencedirect.com,Non-binary,18.230.189.87
381,Terza,Sangster,tsangsterak@delicious.com,Female,202.205.219.237
382,Lanette,Templman,ltemplmanal@webnode.com,Female,94.26.232.3
383,Lita,Jirus,ljirusam@drupal.org,Female,6.131.159.205
384,Arabelle,Larkings,alarkingsan@arizona.edu,Female,30.230.137.71
385,Maris,Disbrow,mdisbrowao@cbc.ca,Female,163.86.16.11
386,Irwinn,Misselbrook,imisselbrookap@nytimes.com,Male,82.228.217.7
387,Gerianna,Richie,grichieaq@java.com,Female,60.173.169.60
388,Vittorio,Shirland,vshirlandar@naver.com,Male,6.118.249.182
389,Charo,McReedy,cmcreedyas@cargocollective.com,Female,97.167.198.167
390,Trixie,Ligerton,tligertonat@free.fr,Polygender,69.249.113.220
391,Rem,Heaselgrave,rheaselgraveau@ted.com,Male,86.253.52.202
392,Tripp,Gyles,tgylesav@prlog.org,Genderfluid,95.219.218.104
393,Dennie,Edelston,dedelstonaw@last.fm,Female,43.248.52.246
394,Aviva,Tomich,atomichax@networkadvertising.org,Female,4.129.216.246
395,Sandor,Franklen,sfranklenay@wisc.edu,Male,218.130.53.115
396,Row,Duthy,rduthyaz@latimes.com,Agender,150.71.200.134
397,Saundra,Morrison,smorrisonb0@technorati.com,Female,58.1.238.56
398,Michel,Elvey,melveyb1@ihg.com,Genderqueer,220.107.246.139
399,Merry,Cowthard,mcowthardb2@theguardian.com,Polygender,197.247.162.60
400,Elihu,Sidery,esideryb3@xrea.com,Male,55.205.187.165
401,Shelly,Van Daalen,svandaalenb4@slideshare.net,Female,183.16.80.122
402,Papagena,Franzman,pfranzmanb5@google.fr,Female,133.138.104.93
403,Rock,Ridpath,rridpathb6@hugedomains.com,Male,111.152.45.76
404,Kristina,Limerick,klimerickb7@friendfeed.com,Female,22.143.251.218
405,Cristie,Garrould,cgarrouldb8@yelp.com,Female,222.212.130.65
406,Palm,Rossbrooke,prossbrookeb9@va.gov,Male,72.169.181.145
407,Erastus,Fulmen,efulmenba@forbes.com,Male,104.114.27.196
408,Putnem,Brundle,pbrundlebb@un.org,Male,119.158.140.98
409,Bartel,MacKessock,bmackessockbc@aboutads.info,Male,253.237.248.197
410,Eden,Renn,erennbd@smugmug.com,Female,165.50.233.242
411,Freda,Harriman,fharrimanbe@whitehouse.gov,Female,62.3.160.241
412,Nolana,Ferrarone,nferraronebf@bandcamp.com,Female,229.89.73.23
413,Edi,Alberts,ealbertsbg@addthis.com,Bigender,211.1.111.228
414,Beverley,Peal,bpealbh@foxnews.com,Female,227.18.12.60
415,Rowney,Tetford,rtetfordbi@w3.org,Male,162.108.14.46
416,Shane,Tayspell,stayspellbj@soup.io,Female,97.155.68.168
417,Dion,Garretts,dgarrettsbk@blogspot.com,Male,147.62.66.211
418,Sibyl,Davitti,sdavittibl@free.fr,Female,228.85.14.71
419,Marris,Fennick,mfennickbm@de.vu,Female,164.29.71.156
420,Shawn,Kwietak,skwietakbn@house.gov,Male,48.230.192.152
421,Regina,Asquith,rasquithbo@vk.com,Female,197.199.155.2
422,Amandi,Greensmith,agreensmithbp@time.com,Female,104.253.100.221
423,Isidoro,Duinkerk,iduinkerkbq@berkeley.edu,Male,108.12.73.47
424,Marita,Jeremaes,mjeremaesbr@intel.com,Female,79.4.69.102
425,Odey,Nussgen,onussgenbs@un.org,Male,147.208.202.128
426,Dana,Duffy,dduffybt@ameblo.jp,Female,181.62.146.107
427,Hope,McFetridge,hmcfetridgebu@hexun.com,Female,118.116.176.127
428,Beverley,Pendrick,bpendrickbv@skyrock.com,Female,89.24.172.165
429,Brear,Christauffour,bchristauffourbw@blinklist.com,Female,21.150.78.123
430,Zolly,Jessope,zjessopebx@who.int,Male,66.108.41.137
431,Lefty,Divis,ldivisby@cbsnews.com,Male,130.36.220.216
432,Germaine,Verbruggen,gverbruggenbz@hibu.com,Male,161.51.10.23
433,Rufe,Lamborne,rlambornec0@trellian.com,Male,56.70.44.119
434,Creight,Bullus,cbullusc1@com.com,Male,24.249.124.190
435,Nathanael,Deeprose,ndeeprosec2@psu.edu,Male,180.213.36.199
436,Flemming,Chue,fchuec3@cbc.ca,Male,153.231.82.159
437,Cammie,Rabat,crabatc4@multiply.com,Female,24.252.176.8
438,Dalenna,Lauchlan,dlauchlanc5@ox.ac.uk,Female,139.37.7.48
439,Frank,Aspinall,faspinallc6@opera.com,Male,130.170.223.219
440,Karia,Goodger,kgoodgerc7@xrea.com,Female,254.42.13.202
441,Lorin,O'Crotty,locrottyc8@domainmarket.com,Male,213.222.133.87
442,Marleen,Brellin,mbrellinc9@bigcartel.com,Female,42.202.168.1
443,Cherin,Storrier,cstorrierca@marriott.com,Female,175.85.29.164
444,Ninette,Matteoni,nmatteonicb@globo.com,Female,219.232.252.74
445,Richard,Tipperton,rtippertoncc@github.com,Male,109.14.99.85
446,Persis,Koubu,pkoubucd@oaic.gov.au,Female,14.220.91.73
447,Vivyanne,Pennicard,vpennicardce@google.it,Female,80.178.97.202
448,Abdul,Mingardi,amingardicf@eepurl.com,Male,181.61.131.225
449,Ken,Guillerman,kguillermancg@zimbio.com,Male,211.30.53.193
450,Nicolle,Hulburd,nhulburdch@163.com,Female,137.74.120.212
451,Jay,Berrygun,jberrygunci@eventbrite.com,Male,237.40.255.158
452,Edee,Arpe,earpecj@naver.com,Female,26.25.248.237
453,Kaspar,Metson,kmetsonck@berkeley.edu,Male,136.53.225.4
454,Jasmina,McRinn,jmcrinncl@ovh.net,Female,127.246.54.6
455,Donelle,Beadles,dbeadlescm@mozilla.org,Female,115.125.144.9
456,Ethelda,Petford,epetfordcn@yandex.ru,Female,8.50.81.251
457,Lorrie,Crighten,lcrightenco@netlog.com,Male,82.252.95.68
458,Klarrisa,Igoe,kigoecp@mapy.cz,Female,142.53.112.226
459,Ingmar,Dolphin,idolphincq@posterous.com,Male,57.71.133.203
460,Alley,Johnsson,ajohnssoncr@china.com.cn,Male,254.148.67.156
461,Carroll,Harm,charmcs@ucoz.com,Male,127.40.69.19
462,Derry,Wolfe,dwolfect@telegraph.co.uk,Bigender,32.199.18.131
463,Colet,Ventom,cventomcu@ibm.com,Male,53.197.93.121
464,Rusty,Lalley,rlalleycv@miitbeian.gov.cn,Male,109.64.234.91
465,Joel,Nolda,jnoldacw@businessweek.com,Male,246.49.165.104
466,Kingston,Grantham,kgranthamcx@google.cn,Male,136.72.178.228
467,Federico,Romaine,fromainecy@wsj.com,Male,210.52.66.93
468,Thalia,Mabey,tmabeycz@cam.ac.uk,Female,246.233.130.113
469,Alvan,Bleyman,ableymand0@cnet.com,Male,48.66.183.109
470,Todd,Laroux,tlarouxd1@zdnet.com,Male,96.237.107.230
471,Sidonia,Trainor,strainord2@bloomberg.com,Genderqueer,1.31.205.113
472,Howard,Ambrosetti,hambrosettid3@bing.com,Male,225.201.20.214
473,Nikki,Hassard,nhassardd4@whitehouse.gov,Male,64.199.112.224
474,Hastie,Dybbe,hdybbed5@reference.com,Male,248.42.92.167
475,Amos,Gradon,agradond6@yellowpages.com,Male,9.33.132.206
476,Mellie,Vakhlov,mvakhlovd7@cdc.gov,Female,228.97.186.151
477,Gherardo,Van Arsdalen,gvanarsdalend8@youku.com,Male,208.80.8.150
478,Cherida,Thomkins,cthomkinsd9@walmart.com,Female,192.72.25.242
479,Annemarie,Pyper,apyperda@gov.uk,Genderfluid,177.71.162.55
480,Addi,Giampietro,agiampietrodb@walmart.com,Female,191.179.37.1
481,Thom,Crofthwaite,tcrofthwaitedc@drupal.org,Male,70.40.116.233
482,Nancee,Eddis,neddisdd@eepurl.com,Female,184.184.84.159
483,Tait,Mixture,tmixturede@reverbnation.com,Male,9.98.209.154
484,Thayne,Lambird,tlambirddf@bloglines.com,Agender,73.194.87.127
485,Cordy,Artharg,carthargdg@arstechnica.com,Male,27.0.187.214
486,Gwennie,Ashmole,gashmoledh@qq.com,Female,41.14.143.27
487,Waiter,Keough,wkeoughdi@answers.com,Male,139.76.86.135
488,Waldemar,Smead,wsmeaddj@fotki.com,Male,133.241.18.221
489,Forbes,Frankis,ffrankisdk@altervista.org,Male,141.169.58.80
490,Gabriellia,Hacksby,ghacksbydl@marketwatch.com,Female,185.116.213.140
491,Tadd,Venus,tvenusdm@cnet.com,Male,99.189.32.117
492,Del,Keyzman,dkeyzmandn@zdnet.com,Polygender,243.165.27.216
493,Jerrold,Rea,jreado@bloglines.com,Male,36.173.105.65
494,Guenevere,Tullis,gtullisdp@rediff.com,Female,10.47.222.4
495,Evin,Knuckles,eknucklesdq@webmd.com,Male,139.71.228.254
496,Alikee,Britee,abriteedr@i2i.jp,Female,207.213.104.242
497,Pascal,Friedenbach,pfriedenbachds@nytimes.com,Male,163.250.194.227
498,Gerald,McCandless,gmccandlessdt@cnet.com,Male,150.188.66.213
499,Dimitri,Currier,dcurrierdu@shareasale.com,Genderfluid,228.14.181.248
500,Hodge,MacCaughey,hmaccaugheydv@nba.com,Male,120.79.158.251
501,Adrian,Gateley,agateleydw@wix.com,Male,168.224.215.121
502,Barron,Trayling,btraylingdx@jigsy.com,Male,236.250.240.49
503,Austina,Mayworth,amayworthdy@hud.gov,Female,252.53.200.130
504,Leicester,Tongs,ltongsdz@irs.gov,Male,24.86.116.75
505,Rickey,Dunkerley,rdunkerleye0@tripod.com,Male,75.242.104.99
506,Penni,Bendelow,pbendelowe1@free.fr,Female,202.251.142.11
507,Dimitri,Orteau,dorteaue2@aboutads.info,Male,76.110.244.108
508,Ramon,Storch,rstorche3@unesco.org,Male,92.49.49.131
509,Jermayne,Pickard,jpickarde4@bbc.co.uk,Male,210.254.253.144
510,Brigitta,Dresser,bdressere5@mozilla.org,Female,127.173.51.141
511,Anetta,Thredder,athreddere6@tamu.edu,Female,171.117.132.126
512,Verene,Fido,vfidoe7@si.edu,Female,181.16.228.114
513,Daria,Wattinham,dwattinhame8@devhub.com,Female,21.159.209.92
514,Franky,Skully,fskullye9@clickbank.net,Male,13.41.100.89
515,Harland,Douthwaite,hdouthwaiteea@pagesperso-orange.fr,Male,137.174.198.2
516,Bathsheba,McGreay,bmcgreayeb@dropbox.com,Female,0.178.205.188
517,Regen,Hardman,rhardmanec@usnews.com,Male,158.186.207.250
518,Hali,Edridge,hedridgeed@nature.com,Female,82.127.11.206
519,Matilde,Danby,mdanbyee@seattletimes.com,Female,239.178.233.3
520,Benni,Blasius,bblasiusef@odnoklassniki.ru,Female,214.207.60.19
521,Gertrude,Gerner,ggernereg@is.gd,Female,254.242.213.139
522,Kort,MacAindreis,kmacaindreiseh@dedecms.com,Male,73.49.209.16
523,Gasper,Adshad,gadshadei@posterous.com,Male,47.251.154.9
524,Rupert,Oakes,roakesej@imgur.com,Male,225.162.167.150
525,Alis,Roxburgh,aroxburghek@economist.com,Female,226.95.177.225
526,Fitzgerald,Dorn,fdornel@dailymail.co.uk,Male,216.198.107.14
527,Tabby,Gaine of England,tgaineofenglandem@usgs.gov,Female,152.36.200.154
528,Suzette,Pembry,spembryen@netlog.com,Female,159.146.100.9
529,Costa,Winkworth,cwinkwortheo@nps.gov,Male,115.55.85.104
530,Letti,Heakins,lheakinsep@bravesites.com,Female,252.34.81.13
531,Leola,Form,lformeq@ustream.tv,Female,28.123.223.165
532,Theodoric,Trickey,ttrickeyer@furl.net,Male,163.1.237.38
533,Augusta,Impy,aimpyes@go.com,Female,183.154.132.200
534,Janek,Hughson,jhughsonet@liveinternet.ru,Male,69.52.28.123
535,Charmion,Doggart,cdoggarteu@yellowpages.com,Female,154.80.228.53
536,Ryan,Ingleston,ringlestonev@wufoo.com,Male,161.25.12.125
537,Giles,Purcer,gpurcerew@storify.com,Male,182.234.218.139
538,Graeme,Kornel,gkornelex@icq.com,Male,194.147.248.1
539,Wright,O'Gorman,wogormaney@statcounter.com,Male,165.213.200.234
540,Case,Rustan,crustanez@ustream.tv,Male,100.201.197.208
541,Lauri,Carlozzi,lcarlozzif0@t-online.de,Female,184.227.210.134
542,Massimo,Ledford,mledfordf1@springer.com,Male,19.143.225.39
543,Ivette,Dohrmann,idohrmannf2@ihg.com,Female,139.178.38.212
544,Annnora,Mowsdale,amowsdalef3@is.gd,Female,65.86.137.15
545,Jeanelle,Rahl,jrahlf4@free.fr,Female,181.214.12.185
546,Bell,Scrine,bscrinef5@ox.ac.uk,Female,122.107.0.218
547,Olly,Dryden,odrydenf6@github.com,Male,19.142.66.21
548,Linea,Gadson,lgadsonf7@dagondesign.com,Female,142.84.155.18
549,Miles,Shipp,mshippf8@yelp.com,Male,14.171.172.6
550,Allister,Petris,apetrisf9@apache.org,Male,239.112.100.183
551,Mil,Spinige,mspinigefa@un.org,Female,42.243.21.60
552,Jena,Grossman,jgrossmanfb@hatena.ne.jp,Female,254.190.203.97
553,Anabel,Kernocke,akernockefc@constantcontact.com,Female,192.136.2.118
554,Hasheem,Quinton,hquintonfd@prnewswire.com,Male,37.172.138.131
555,Inessa,Asbery,iasberyfe@microsoft.com,Female,47.64.49.114
556,Cathyleen,Wardhaugh,cwardhaughff@thetimes.co.uk,Female,161.16.32.201
557,Enriqueta,Jarvie,ejarviefg@imdb.com,Female,197.45.35.52
558,Jacklin,Sheer,jsheerfh@huffingtonpost.com,Female,178.176.144.192
559,Gabbey,Yakolev,gyakolevfi@51.la,Genderfluid,19.186.120.40
560,Ilsa,Govier,igovierfj@icio.us,Female,60.66.121.76
561,Collie,Tissell,ctissellfk@theatlantic.com,Non-binary,102.88.161.128
562,Kimmy,Klemke,kklemkefl@nydailynews.com,Female,70.119.163.211
563,Natalya,Roncelli,nroncellifm@printfriendly.com,Female,134.54.75.81
564,Ardelia,Burhouse,aburhousefn@typepad.com,Female,158.171.147.119
565,Ealasaid,Lahive,elahivefo@nyu.edu,Female,149.89.173.97
566,Akim,Blaiklock,ablaiklockfp@themeforest.net,Male,214.34.7.149
567,Ericha,Cron,ecronfq@xrea.com,Female,62.232.43.23
568,Claresta,Blagden,cblagdenfr@statcounter.com,Female,79.85.169.177
569,Gay,Jekyll,gjekyllfs@wikia.com,Female,10.221.130.16
570,Joby,Lowdyane,jlowdyaneft@so-net.ne.jp,Female,190.95.106.153
571,Auguste,Slowgrave,aslowgravefu@mac.com,Female,84.223.55.36
572,Dur,Dunseath,ddunseathfv@vimeo.com,Agender,44.213.255.51
573,Nickolaus,Brewer,nbrewerfw@barnesandnoble.com,Male,63.18.42.122
574,Sigismond,Dunstan,sdunstanfx@moonfruit.com,Male,138.184.138.41
575,Reed,Lucio,rluciofy@ehow.com,Male,16.80.138.253
576,Tania,Petett,tpetettfz@geocities.com,Female,1.1.248.66
577,August,Bowley,abowleyg0@t-online.de,Male,100.82.238.144
578,Winnah,Weathers,wweathersg1@wired.com,Female,137.199.169.137
579,Blithe,Caroli,bcarolig2@salon.com,Female,8.89.157.193
580,Carree,Ramet,crametg3@multiply.com,Genderfluid,248.230.255.169
581,Percy,Lyness,plynessg4@cnet.com,Male,141.164.208.48
582,Helga,Jeacocke,hjeacockeg5@sohu.com,Female,184.153.118.216
583,Chane,Harcombe,charcombeg6@goo.gl,Male,230.202.105.46
584,Fedora,Maharey,fmahareyg7@jimdo.com,Female,244.68.94.64
585,Laraine,Trenam,ltrenamg8@sciencedirect.com,Female,22.224.231.182
586,Rosita,Jiru,rjirug9@twitpic.com,Female,171.217.150.110
587,Papageno,Fowles,pfowlesga@slashdot.org,Male,75.94.65.83
588,Clay,Allbrook,callbrookgb@icq.com,Male,27.161.27.34
589,Garreth,Jeayes,gjeayesgc@creativecommons.org,Male,167.254.106.68
590,Magda,Oades,moadesgd@w3.org,Female,215.206.84.213
591,Catha,Thinn,cthinnge@networksolutions.com,Female,196.39.143.231
592,Alicea,Allder,aalldergf@homestead.com,Female,203.254.3.215
593,Eward,Duff,eduffgg@toplist.cz,Male,177.195.35.50
594,Leena,Kirtlan,lkirtlangh@dion.ne.jp,Female,94.52.187.210
595,Eustace,Martinetto,emartinettogi@google.ca,Male,58.17.197.88
596,Florinda,Waker,fwakergj@technorati.com,Female,172.200.65.147
597,Jeramey,Goulbourn,jgoulbourngk@state.tx.us,Agender,184.125.125.111
598,Johnna,Leahey,jleaheygl@bing.com,Genderfluid,121.197.99.74
599,Ellerey,McSporrin,emcsporringm@newsvine.com,Male,28.201.122.165
600,Tiffie,Dormand,tdormandgn@mit.edu,Bigender,79.140.75.109
601,Dillie,Madre,dmadrego@scribd.com,Male,160.246.113.124
602,Lionel,Sketh,lskethgp@taobao.com,Male,107.201.78.108
603,Eimile,Cush,ecushgq@illinois.edu,Genderfluid,81.145.255.180
604,Marie,Colleck,mcolleckgr@github.io,Female,153.211.195.210
605,Bruis,Hadlow,bhadlowgs@technorati.com,Male,251.81.251.147
606,Renado,Chillistone,rchillistonegt@printfriendly.com,Male,251.151.181.176
607,Rudolfo,Aldie,raldiegu@narod.ru,Male,203.60.130.58
608,Hilly,Vaskin,hvaskingv@odnoklassniki.ru,Male,29.113.144.206
609,Devy,Gley,dgleygw@multiply.com,Genderfluid,107.94.90.174
610,Leon,Salomon,lsalomongx@elegantthemes.com,Non-binary,68.111.206.160
611,Steffane,Crosen,scrosengy@google.cn,Female,80.66.85.127
612,Aldus,Janz,ajanzgz@time.com,Male,129.237.163.112
613,Balduin,Cassie,bcassieh0@pinterest.com,Male,198.114.247.26
614,Adham,Huish,ahuishh1@opera.com,Male,135.77.250.55
615,Ebony,Stronghill,estronghillh2@feedburner.com,Female,47.219.204.174
616,Merilee,Trow,mtrowh3@npr.org,Female,123.197.154.238
617,Woodrow,Mayman,wmaymanh4@technorati.com,Male,194.149.142.234
618,Deborah,Erington,deringtonh5@dailymotion.com,Female,134.115.234.194
619,Doyle,Cleminshaw,dcleminshawh6@baidu.com,Male,88.140.3.39
620,Beltran,Venneur,bvenneurh7@dion.ne.jp,Male,196.38.15.198
621,Zacharia,Tweedle,ztweedleh8@utexas.edu,Male,252.170.103.88
622,Daphne,Carncross,dcarncrossh9@patch.com,Female,150.88.209.167
623,Allard,Tregoning,atregoningha@xing.com,Agender,203.129.169.76
624,Kalie,Habbeshaw,khabbeshawhb@arizona.edu,Genderfluid,191.244.67.46
625,Verene,Biddle,vbiddlehc@newsvine.com,Female,91.84.174.71
626,Krystalle,MacNally,kmacnallyhd@statcounter.com,Female,131.192.103.58
627,Padriac,Ewells,pewellshe@ucoz.ru,Male,63.85.165.17
628,Elena,Nordass,enordasshf@jalbum.net,Female,112.100.252.144
629,Chaddie,Winkett,cwinketthg@kickstarter.com,Male,12.44.32.169
630,Rey,McIlwrath,rmcilwrathhh@sciencedaily.com,Female,182.247.204.107
631,Tyrus,Eick,teickhi@jimdo.com,Male,16.66.96.192
632,Tobit,Bill,tbillhj@ebay.co.uk,Male,233.184.132.80
633,Katha,Royds,kroydshk@yahoo.co.jp,Female,158.34.44.200
634,Theressa,Oleszcuk,toleszcukhl@ca.gov,Female,208.214.252.16
635,Robinson,Langelay,rlangelayhm@wp.com,Male,87.248.161.28
636,Aretha,Ramel,aramelhn@shutterfly.com,Female,201.44.80.31
637,Daren,Rupp,druppho@google.co.jp,Male,112.195.173.145
638,Clemmie,Yglesia,cyglesiahp@paginegialle.it,Male,62.90.100.80
639,Denny,Frosdick,dfrosdickhq@vistaprint.com,Genderfluid,183.166.228.255
640,Don,Houdhury,dhoudhuryhr@zdnet.com,Male,165.61.138.98
641,Gerta,Grigs,ggrigshs@reference.com,Female,61.20.46.151
642,Roscoe,Iskowicz,riskowiczht@google.cn,Male,22.14.151.87
643,Chico,O'Feeny,cofeenyhu@about.me,Male,140.25.170.98
644,Denney,Sprasen,dsprasenhv@redcross.org,Male,30.21.74.39
645,Zack,Vickerstaff,zvickerstaffhw@yahoo.com,Male,33.15.40.18
646,Ashlan,Rubinsohn,arubinsohnhx@reference.com,Female,135.164.245.89
647,Rafferty,Tumulty,rtumultyhy@sourceforge.net,Polygender,77.227.120.164
648,Justina,Maddy,jmaddyhz@opera.com,Female,57.123.133.173
649,Phillipp,Eddicott,peddicotti0@qq.com,Male,212.2.41.24
650,Selina,Cadore,scadorei1@webnode.com,Female,179.178.134.116
651,Edita,Shilleto,eshilletoi2@diigo.com,Non-binary,192.224.180.232
652,Giorgio,Wyant,gwyanti3@reuters.com,Male,94.94.74.161
653,Stanfield,Gibbens,sgibbensi4@mashable.com,Male,64.212.28.170
654,Giacopo,O'Dunneen,godunneeni5@stumbleupon.com,Male,87.78.86.62
655,Davita,DeSousa,ddesousai6@furl.net,Female,12.3.24.152
656,Ringo,Vasilenko,rvasilenkoi7@indiegogo.com,Male,216.36.48.184
657,Lyell,McIlherran,lmcilherrani8@fastcompany.com,Male,124.139.97.133
658,Madella,Veque,mvequei9@goo.gl,Female,235.146.147.80
659,Rachele,Conachy,rconachyia@cloudflare.com,Female,58.185.83.30
660,Corrinne,Nairn,cnairnib@diigo.com,Female,87.182.247.90
661,Horst,Fidock,hfidockic@goo.gl,Male,60.184.192.146
662,Yorgo,Franzolini,yfranzoliniid@trellian.com,Male,101.203.255.40
663,Charmane,Blood,cbloodie@biglobe.ne.jp,Female,109.109.235.44
664,Aldis,Bangley,abangleyif@de.vu,Non-binary,166.4.39.33
665,Urson,Eich,ueichig@gmpg.org,Male,49.169.155.7
666,Dolli,Paley,dpaleyih@slate.com,Female,193.9.66.8
667,Kelly,Szreter,kszreterii@icio.us,Male,31.32.102.81
668,Locke,Wragg,lwraggij@php.net,Male,136.56.127.189
669,Cirstoforo,Torr,ctorrik@msn.com,Male,226.169.210.157
670,Modesty,Snaddin,msnaddinil@blogtalkradio.com,Female,151.98.161.18
671,Joyce,Mackilpatrick,jmackilpatrickim@freewebs.com,Female,17.0.66.19
672,Anabelle,Yoskowitz,ayoskowitzin@dedecms.com,Female,116.2.239.251
673,Carolann,Basillon,cbasillonio@istockphoto.com,Female,62.239.104.12
674,Carlo,Gilhool,cgilhoolip@flickr.com,Male,81.167.160.224
675,Cale,Roycroft,croycroftiq@reference.com,Male,95.113.84.43
676,Lurline,Lotte,llotteir@reddit.com,Female,110.222.104.77
677,Bambi,Plampeyn,bplampeynis@wp.com,Female,208.225.10.169
678,Sasha,Kenningham,skenninghamit@rediff.com,Female,210.198.212.73
679,Etta,Cornilli,ecornilliiu@imageshack.us,Female,220.165.92.117
680,Lethia,Dilley,ldilleyiv@hud.gov,Female,126.203.57.169
681,Tonia,Arlt,tarltiw@yolasite.com,Female,146.210.39.38
682,Lesley,Timmins,ltimminsix@addtoany.com,Male,117.35.245.212
683,Shaine,Byng,sbyngiy@livejournal.com,Male,5.141.8.110
684,Rod,Key,rkeyiz@twitter.com,Non-binary,129.20.213.0
685,Bobbee,Epple,bepplej0@networkadvertising.org,Female,211.226.179.161
686,Keelia,Eaves,keavesj1@behance.net,Female,34.80.67.4
687,Jerrilee,Le Batteur,jlebatteurj2@shareasale.com,Female,214.42.234.153
688,Nat,Milmith,nmilmithj3@nasa.gov,Male,25.48.191.86
689,Emanuel,Lavigne,elavignej4@sourceforge.net,Male,218.134.7.62
690,Brigit,Couchman,bcouchmanj5@bing.com,Female,252.228.189.182
691,Dinah,Kinny,dkinnyj6@skyrock.com,Agender,3.17.18.73
692,Derick,Peirpoint,dpeirpointj7@reuters.com,Male,151.115.83.127
693,Axe,Lindsey,alindseyj8@dot.gov,Male,141.80.229.176
694,Bart,Danilenko,bdanilenkoj9@virginia.edu,Male,5.154.113.55
695,Ernaline,McIlhatton,emcilhattonja@csmonitor.com,Female,228.67.105.155
696,Cass,Gobel,cgobeljb@pbs.org,Male,63.170.207.34
697,Lorne,Danbrook,ldanbrookjc@google.ru,Male,86.194.210.229
698,Edmon,Behn,ebehnjd@seesaa.net,Male,135.36.115.116
699,Alessandra,Bew,abewje@skyrock.com,Female,46.217.141.223
700,Constantine,Ashbrook,cashbrookjf@51.la,Male,104.40.59.197
701,Fredrika,Costain,fcostainjg@home.pl,Female,231.122.129.1
702,Delano,MacCawley,dmaccawleyjh@illinois.edu,Male,186.21.17.175
703,Vi,Ibbison,vibbisonji@i2i.jp,Female,38.56.115.179
704,Salomi,Sturdy,ssturdyjj@va.gov,Genderqueer,148.164.148.92
705,Laureen,Glenwright,lglenwrightjk@walmart.com,Female,167.101.151.124
706,Ewen,Trent,etrentjl@cbslocal.com,Male,154.241.150.54
707,Anselma,Cheer,acheerjm@usgs.gov,Female,104.89.116.11
708,Slade,Eaklee,seakleejn@bbc.co.uk,Male,232.154.139.69
709,Yank,Santino,ysantinojo@shinystat.com,Male,242.150.25.115
710,Richmond,Manus,rmanusjp@spotify.com,Male,198.32.112.3
711,Alex,Stitcher,astitcherjq@mashable.com,Male,124.230.198.233
712,Cathe,Heaffey,cheaffeyjr@forbes.com,Female,36.75.180.58
713,Lutero,Breydin,lbreydinjs@cbsnews.com,Male,115.34.212.164
714,Camille,Bunney,cbunneyjt@wikispaces.com,Female,226.231.172.130
715,Cristian,Prose,cproseju@admin.ch,Male,143.55.197.38
716,Maxie,Mannie,mmanniejv@over-blog.com,Male,61.37.156.240
717,Amy,Birrell,abirrelljw@ning.com,Female,187.252.62.146
718,Masha,Prott,mprottjx@slideshare.net,Female,222.59.178.169
719,Pauly,Spellecy,pspellecyjy@apple.com,Female,208.95.49.1
720,Nancey,Prazor,nprazorjz@mashable.com,Female,133.110.57.81
721,Queenie,Babar,qbabark0@mysql.com,Female,251.192.210.91
722,Rikki,Hellin,rhellink1@scribd.com,Female,195.201.87.111
723,Nickola,Lisimore,nlisimorek2@redcross.org,Agender,170.12.199.110
724,Shae,Grix,sgrixk3@google.co.uk,Female,24.191.86.108
725,Meaghan,Killough,mkilloughk4@list-manage.com,Female,108.40.84.86
726,Janeta,Lucey,jluceyk5@google.com.hk,Female,185.246.170.55
727,Mitchell,Leyzell,mleyzellk6@slideshare.net,Male,27.199.110.186
728,Farrel,Bacchus,fbacchusk7@slideshare.net,Male,68.30.137.218
729,Brannon,Rose,brosek8@independent.co.uk,Polygender,64.96.138.176
730,Samson,Nolte,snoltek9@weebly.com,Male,154.70.205.27
731,Rutledge,Fawssett,rfawssettka@ca.gov,Male,210.228.134.126
732,Ursala,Gomm,ugommkb@clickbank.net,Female,114.98.239.179
733,Louisette,Jeffcoate,ljeffcoatekc@bravesites.com,Female,174.130.52.58
734,Dodi,Greep,dgreepkd@taobao.com,Female,219.137.130.46
735,Carla,Neissen,cneissenke@youtu.be,Female,226.216.213.98
736,Renee,Donizeau,rdonizeaukf@cyberchimps.com,Female,110.50.186.19
737,Philipa,Kimmins,pkimminskg@webmd.com,Female,156.36.77.247
738,Gusti,Camoys,gcamoyskh@ted.com,Female,139.38.169.176
739,Dian,Mityushkin,dmityushkinki@intel.com,Female,41.38.81.188
740,Phillip,Magnar,pmagnarkj@cnet.com,Male,64.96.214.104
741,Elias,Lyttle,elyttlekk@wufoo.com,Non-binary,7.65.76.83
742,Desirae,Giorgini,dgiorginikl@goo.ne.jp,Female,212.58.50.185
743,Ogdon,Pavlov,opavlovkm@devhub.com,Male,78.152.139.93
744,Drusilla,Innocent,dinnocentkn@squidoo.com,Female,220.238.204.163
745,Parke,Budding,pbuddingko@e-recht24.de,Male,144.90.202.199
746,Amelie,Balderston,abalderstonkp@a8.net,Female,210.177.18.233
747,Caressa,Von Welldun,cvonwelldunkq@examiner.com,Female,66.85.82.143
748,Audrie,Houndson,ahoundsonkr@furl.net,Female,23.195.117.115
749,Payton,Spenceley,pspenceleyks@chron.com,Male,54.195.98.208
750,Karlyn,Gigg,kgiggkt@newyorker.com,Female,13.53.50.241
751,Kort,Duncklee,kdunckleeku@opera.com,Male,10.58.251.2
752,Gaultiero,Iacovino,giacovinokv@wsj.com,Male,138.245.47.27
753,Conroy,Sipson,csipsonkw@usnews.com,Male,98.76.19.54
754,Nani,Maxworthy,nmaxworthykx@facebook.com,Female,21.81.82.102
755,Michale,Braden,mbradenky@cargocollective.com,Male,215.196.200.9
756,Ranice,Oswald,roswaldkz@surveymonkey.com,Non-binary,59.80.32.45
757,Bent,Boules,bboulesl0@sohu.com,Male,254.199.0.56
758,Eachelle,Dietz,edietzl1@umich.edu,Female,150.66.153.95
759,Estevan,Yersin,eyersinl2@mozilla.com,Male,59.108.87.123
760,Willetta,Cammacke,wcammackel3@wikispaces.com,Female,18.1.217.198
761,Brenden,Cutts,bcuttsl4@yellowpages.com,Male,135.13.49.254
762,Winnifred,Lanaway,wlanawayl5@ca.gov,Female,63.78.97.3
763,Ragnar,Erasmus,rerasmusl6@tmall.com,Male,189.195.118.125
764,Clayborne,O'Leahy,coleahyl7@sogou.com,Male,95.245.156.247
765,Anya,Skahill,askahilll8@surveymonkey.com,Genderfluid,99.236.146.128
766,Joel,Renzini,jrenzinil9@photobucket.com,Male,154.123.27.1
767,Ambrose,Marjanski,amarjanskila@netlog.com,Male,247.236.195.47
768,Pail,Brushneen,pbrushneenlb@diigo.com,Male,5.52.19.219
769,Bail,Corringham,bcorringhamlc@go.com,Polygender,47.49.199.15
770,Skylar,Milmo,smilmold@yahoo.co.jp,Male,106.147.38.193
771,Daryl,Pidgley,dpidgleyle@vinaora.com,Female,62.210.43.187
772,Norah,Spiteri,nspiterilf@cmu.edu,Female,171.227.113.105
773,Abbe,Samms,asammslg@storify.com,Male,74.8.104.230
774,Eden,Klagge,eklaggelh@weibo.com,Female,10.18.151.149
775,Meade,Tilmouth,mtilmouthli@google.com,Male,106.224.240.34
776,Constancia,Friday,cfridaylj@joomla.org,Genderqueer,44.229.5.56
777,Vanya,Mincini,vmincinilk@yale.edu,Female,178.124.131.178
778,Alexandra,Noller,anollerll@tinypic.com,Female,221.50.58.168
779,Bryon,Crallan,bcrallanlm@miibeian.gov.cn,Genderfluid,209.209.59.210
780,Gena,Geekin,ggeekinln@webeden.co.uk,Bigender,137.164.123.83
781,Eugenia,Arbor,earborlo@exblog.jp,Female,215.235.116.90
782,Gavrielle,Heales,ghealeslp@chronoengine.com,Female,55.98.142.101
783,Donalt,Casserley,dcasserleylq@naver.com,Male,134.29.58.212
784,Perry,Kynaston,pkynastonlr@answers.com,Male,62.209.7.168
785,Vladamir,Snape,vsnapels@telegraph.co.uk,Male,178.80.81.144
786,Jena,Wollen,jwollenlt@addthis.com,Female,212.167.163.218
787,Terza,McKerton,tmckertonlu@networksolutions.com,Female,123.73.208.234
788,Alfredo,Coggles,acoggleslv@taobao.com,Male,176.254.240.109
789,Aleda,Beadon,abeadonlw@foxnews.com,Female,40.216.71.237
790,Ileane,Dot,idotlx@ning.com,Female,19.65.140.167
791,Geoffrey,Champken,gchampkenly@themeforest.net,Male,67.104.83.86
792,Katine,Geraud,kgeraudlz@csmonitor.com,Female,155.148.125.255
793,Jessie,Goodsal,jgoodsalm0@delicious.com,Female,60.127.180.3
794,Kylie,Lidyard,klidyardm1@seesaa.net,Male,200.161.185.164
795,Kelby,Apthorpe,kapthorpem2@google.com.au,Male,243.49.230.109
796,Ashlee,Sprague,aspraguem3@amazon.com,Female,10.188.28.197
797,Myles,Allott,mallottm4@storify.com,Male,95.77.143.142
798,Abigail,Meaton,ameatonm5@usda.gov,Female,202.34.60.55
799,Krystalle,Easman,keasmanm6@comcast.net,Female,166.220.162.18
800,Hillel,McTrustram,hmctrustramm7@jigsy.com,Male,189.158.91.194
801,Fred,Rutty,fruttym8@ucoz.ru,Female,226.185.210.227
802,Alain,Gaylard,agaylardm9@moonfruit.com,Male,140.138.59.23
803,Ariella,Canellas,acanellasma@upenn.edu,Female,88.103.7.31
804,Derk,Featherstone,dfeatherstonemb@creativecommons.org,Male,180.111.144.205
805,Esma,Angeli,eangelimc@sbwire.com,Genderfluid,177.84.145.95
806,Pippo,Winney,pwinneymd@icio.us,Male,5.170.211.150
807,Bebe,Neaves,bneavesme@drupal.org,Agender,68.30.192.32
808,Alyson,Abercromby,aabercrombymf@mtv.com,Female,212.50.185.230
809,Randy,Eadington,readingtonmg@google.cn,Male,155.240.90.31
810,Aluino,Dowsett,adowsettmh@wiley.com,Male,88.251.94.135
811,Minny,Sympson,msympsonmi@biglobe.ne.jp,Female,78.98.185.172
812,Tedd,Chiommienti,tchiommientimj@de.vu,Male,165.157.231.42
813,Katine,Denness,kdennessmk@chronoengine.com,Female,220.82.118.149
814,Ignazio,Olligan,iolliganml@studiopress.com,Male,175.53.11.164
815,Janek,Jotcham,jjotchammm@skyrock.com,Male,89.186.243.66
816,Ethan,Mulrean,emulreanmn@woothemes.com,Male,78.161.8.218
817,Omar,Behagg,obehaggmo@nps.gov,Male,5.20.173.237
818,Julio,McHale,jmchalemp@disqus.com,Male,136.204.121.95
819,Derick,Stronough,dstronoughmq@earthlink.net,Polygender,230.136.162.219
820,Stu,Pyke,spykemr@noaa.gov,Male,243.220.5.116
821,Trumaine,Cornewell,tcornewellms@dagondesign.com,Bigender,151.193.195.175
822,Woody,Hitter,whittermt@cornell.edu,Male,35.136.191.114
823,Dean,Brownhall,dbrownhallmu@reference.com,Male,225.95.176.148
824,Artemas,Vain,avainmv@behance.net,Male,167.98.117.99
825,Tandi,Broomfield,tbroomfieldmw@freewebs.com,Female,254.238.244.158
826,Johny,Ackrill,jackrillmx@nasa.gov,Male,173.161.89.68
827,Nathan,Houldin,nhouldinmy@telegraph.co.uk,Male,123.178.29.40
828,Wilona,Hrinchenko,whrinchenkomz@joomla.org,Female,202.148.228.153
829,Karyl,Nussen,knussenn0@imdb.com,Female,214.196.31.225
830,Borg,Prestie,bprestien1@vkontakte.ru,Male,255.170.242.68
831,Clarisse,Griffithe,cgriffithen2@bizjournals.com,Female,111.138.107.131
832,Husain,Foskew,hfoskewn3@storify.com,Male,15.94.151.156
833,Myranda,Burhouse,mburhousen4@columbia.edu,Female,0.78.14.237
834,Claude,Ribeiro,cribeiron5@engadget.com,Female,9.119.137.140
835,Marketa,Ferrey,mferreyn6@apple.com,Female,209.171.129.198
836,Wash,Momford,wmomfordn7@theguardian.com,Male,209.158.200.137
837,Isabeau,Winsbury,iwinsburyn8@mlb.com,Non-binary,253.201.96.252
838,Juana,des Remedios,jdesremediosn9@1und1.de,Genderfluid,28.60.239.233
839,Cassaundra,Ritchie,critchiena@squidoo.com,Female,81.27.137.243
840,Holly-anne,Wyeld,hwyeldnb@dagondesign.com,Non-binary,65.91.23.31
841,Aigneis,Towle,atowlenc@tinyurl.com,Female,194.14.198.95
842,Bryan,Oakeshott,boakeshottnd@imgur.com,Male,106.69.196.164
843,Eduard,Heeron,eheeronne@com.com,Male,17.101.226.187
844,Herrick,McLardie,hmclardienf@list-manage.com,Male,205.110.175.46
845,Carlyle,Jambrozek,cjambrozekng@gravatar.com,Bigender,133.182.131.244
846,Vinnie,Rannald,vrannaldnh@multiply.com,Male,137.122.159.163
847,Hana,Zorzi,hzorzini@unc.edu,Female,227.84.0.139
848,Carley,Tuffield,ctuffieldnj@istockphoto.com,Agender,204.57.70.92
849,Inglebert,Welden,iweldennk@berkeley.edu,Male,80.139.36.21
850,Cloe,Creedland,ccreedlandnl@google.ca,Female,169.209.232.132
851,Shanon,Cornthwaite,scornthwaitenm@umich.edu,Female,61.176.118.197
852,Andria,Castelow,acastelownn@hc360.com,Female,18.148.230.118
853,Kenyon,Cline,kclineno@freewebs.com,Polygender,158.183.142.25
854,Colan,Seyers,cseyersnp@reuters.com,Male,237.119.135.133
855,Kev,Langabeer,klangabeernq@goo.gl,Male,240.136.188.234
856,Wat,Seymark,wseymarknr@omniture.com,Male,132.248.192.3
857,Aymer,Norres,anorresns@hostgator.com,Male,133.130.85.244
858,Romola,Fishbourne,rfishbournent@pcworld.com,Female,182.36.52.234
859,Nan,Bruhke,nbruhkenu@godaddy.com,Female,97.97.150.51
860,Eddie,Davidovitz,edavidovitznv@xinhuanet.com,Male,30.203.126.114
861,Prescott,Callam,pcallamnw@angelfire.com,Genderfluid,43.143.40.27
862,Aylmar,Savage,asavagenx@va.gov,Male,68.246.158.116
863,Devy,Gerault,dgeraultny@diigo.com,Male,5.113.64.143
864,Matthiew,Buret,mburetnz@thetimes.co.uk,Male,136.217.28.105
865,Connie,Capnor,ccapnoro0@freewebs.com,Genderfluid,252.26.13.140
866,Alejandra,Crosscombe,acrosscombeo1@ask.com,Female,91.253.123.74
867,Chryste,Grigorescu,cgrigorescuo2@discovery.com,Female,84.26.233.54
868,Burke,Cordeau],bcordeauo3@ebay.com,Male,219.107.241.51
869,Reidar,Arthurs,rarthurso4@hugedomains.com,Male,222.48.145.138
870,Tildy,Durn,tdurno5@phpbb.com,Female,25.143.207.46
871,Theobald,Tupling,ttuplingo6@amazon.co.jp,Male,216.230.204.207
872,Haroun,Bacher,hbachero7@google.co.uk,Male,2.125.149.70
873,Kenyon,Dennett,kdennetto8@seesaa.net,Male,10.211.128.168
874,Udale,Dunsford,udunsfordo9@ucsd.edu,Male,68.16.197.208
875,Giraldo,Thornber,gthornberoa@bloomberg.com,Male,212.1.160.209
876,Gerardo,Lent,glentob@ehow.com,Male,25.22.219.106
877,Cheslie,Jobbins,cjobbinsoc@reference.com,Female,164.89.109.254
878,Issi,Ingree,iingreeod@joomla.org,Female,190.165.125.175
879,Ernesta,Bishopp,ebishoppoe@domainmarket.com,Female,34.159.198.99
880,Randie,Clevely,rclevelyof@amazon.de,Female,144.145.58.17
881,Kriste,Trustram,ktrustramog@ihg.com,Female,218.141.84.247
882,Gilberto,Wilds,gwildsoh@networksolutions.com,Male,79.153.113.129
883,Mose,Deerr,mdeerroi@ebay.co.uk,Male,178.67.63.55
884,Thomasin,Nanninini,tnannininioj@apple.com,Female,147.234.178.102
885,Montgomery,Coventry,mcoventryok@t.co,Male,255.206.109.52
886,Derk,Remmers,dremmersol@usgs.gov,Male,47.43.210.161
887,Jessi,Ditchfield,jditchfieldom@reddit.com,Female,201.2.128.161
888,Alla,Hartropp,ahartroppon@mapquest.com,Female,29.197.48.17
889,Woodie,Lacasa,wlacasaoo@live.com,Male,47.40.177.189
890,Chauncey,Tourner,ctournerop@abc.net.au,Male,180.222.19.98
891,Armand,Fassbender,afassbenderoq@archive.org,Male,81.87.69.160
892,Julita,O'Meara,jomearaor@mashable.com,Female,227.3.200.179
893,Maridel,Copestick,mcopestickos@techcrunch.com,Bigender,189.168.45.163
894,Joelie,Balfre,jbalfreot@eventbrite.com,Female,111.208.221.124
895,Griz,Erni,gerniou@is.gd,Male,79.116.121.203
896,Lynnea,Cavolini,lcavoliniov@taobao.com,Female,95.106.166.156
897,Bert,Gerge,bgergeow@linkedin.com,Male,84.41.78.74
898,Amabelle,Annes,aannesox@e-recht24.de,Female,192.122.179.235
899,Dannie,Gerardi,dgerardioy@go.com,Female,248.48.104.85
900,Damien,Marfell,dmarfelloz@dell.com,Genderqueer,119.43.221.202
901,Dillie,Coston,dcostonp0@163.com,Male,95.75.192.196
902,Terri,Sotheron,tsotheronp1@godaddy.com,Male,188.211.59.179
903,Currie,Gallanders,cgallandersp2@apache.org,Male,251.126.113.79
904,Cart,Mash,cmashp3@dedecms.com,Male,218.231.138.229
905,Leoine,Handscombe,lhandscombep4@biblegateway.com,Female,218.75.1.241
906,Lorenzo,Kordova,lkordovap5@ibm.com,Male,152.231.243.104
907,Nataniel,Layus,nlayusp6@timesonline.co.uk,Genderfluid,227.163.28.170
908,Hanan,Saines,hsainesp7@aboutads.info,Male,222.100.108.49
909,Garrick,Langtry,glangtryp8@bloglovin.com,Male,61.237.59.177
910,Edee,Holttom,eholttomp9@naver.com,Female,206.19.143.32
911,Saba,Keirle,skeirlepa@mozilla.org,Genderfluid,228.125.98.46
912,Nalani,Godlee,ngodleepb@dagondesign.com,Female,142.118.94.39
913,Stanfield,Ingleston,singlestonpc@dmoz.org,Male,57.144.90.112
914,Arturo,Grisard,agrisardpd@state.tx.us,Non-binary,133.214.231.243
915,Junina,Bruckental,jbruckentalpe@ifeng.com,Female,115.55.155.79
916,Rosabel,Pearn,rpearnpf@yolasite.com,Female,215.144.115.4
917,Mel,Phizackarley,mphizackarleypg@goodreads.com,Bigender,190.90.237.178
918,Del,Christoforou,dchristoforouph@moonfruit.com,Male,128.34.7.10
919,Randi,Golden of Ireland,rgoldenofirelandpi@ow.ly,Male,76.188.169.232
920,Dell,Braunfeld,dbraunfeldpj@hubpages.com,Female,181.89.162.90
921,Florance,Varley,fvarleypk@elegantthemes.com,Female,115.139.119.232
922,Ilse,Lippiett,ilippiettpl@dell.com,Female,108.66.173.100
923,Englebert,Totton,etottonpm@opera.com,Agender,153.71.252.184
924,Paul,Standell,pstandellpn@stanford.edu,Male,151.231.129.159
925,Rorie,Scragg,rscraggpo@ca.gov,Female,9.249.0.153
926,Marlowe,Danelutti,mdaneluttipp@hhs.gov,Male,173.43.175.52
927,Rosette,Reijmers,rreijmerspq@yellowbook.com,Female,233.226.170.22
928,Normand,Poinsett,npoinsettpr@opensource.org,Male,88.85.211.100
929,Bellanca,Speerman,bspeermanps@jigsy.com,Female,65.172.21.242
930,Hersh,Palfrie,hpalfriept@smh.com.au,Male,51.164.31.194
931,Ingeberg,Ryves,iryvespu@theatlantic.com,Female,175.24.115.61
932,Roxana,Maulkin,rmaulkinpv@newyorker.com,Female,135.250.158.211
933,Cassondra,Cradick,ccradickpw@vk.com,Female,188.127.124.7
934,Natale,Chaloner,nchalonerpx@360.cn,Male,217.212.174.235
935,West,Kyte,wkytepy@alibaba.com,Male,106.248.137.79
936,Timothea,Allibon,tallibonpz@time.com,Female,218.31.55.170
937,Obie,Valentinuzzi,ovalentinuzziq0@parallels.com,Male,16.77.191.150
938,Sheff,McCrea,smccreaq1@nytimes.com,Male,224.232.190.103
939,Ellyn,O'Lochan,eolochanq2@youtube.com,Female,221.138.23.151
940,Julio,Burchess,jburchessq3@nhs.uk,Male,171.37.158.32
941,Robers,Kruse,rkruseq4@deviantart.com,Male,167.152.128.164
942,Codi,Mc Meekan,cmcmeekanq5@apache.org,Male,94.118.198.163
943,Jeffry,MacAleese,jmacaleeseq6@deliciousdays.com,Male,114.73.108.3
944,Paloma,Towson,ptowsonq7@studiopress.com,Female,79.134.222.249
945,Bevan,Skillings,bskillingsq8@blogspot.com,Male,236.98.61.105
946,Opal,Burchatt,oburchattq9@ocn.ne.jp,Female,157.144.54.136
947,Hillary,Wands,hwandsqa@domainmarket.com,Female,221.9.197.249
948,Tisha,Duckerin,tduckerinqb@com.com,Female,187.43.32.54
949,Bebe,Whacket,bwhacketqc@webnode.com,Female,238.81.119.123
950,Phylis,Arckoll,parckollqd@pcworld.com,Female,44.129.213.220
951,Zechariah,Tremmel,ztremmelqe@topsy.com,Male,23.221.211.122
952,Rusty,Phillcox,rphillcoxqf@exblog.jp,Male,73.138.185.132
953,Sharl,Mayger,smaygerqg@bbc.co.uk,Female,48.130.16.70
954,Vincents,Fulloway,vfullowayqh@xing.com,Agender,42.248.180.136
955,Levey,Gamett,lgamettqi@theguardian.com,Male,197.243.96.78
956,Elva,Ivanishchev,eivanishchevqj@barnesandnoble.com,Female,236.24.142.252
957,Ariel,Audas,aaudasqk@behance.net,Male,51.5.122.11
958,Stacy,Harpur,sharpurql@myspace.com,Male,86.240.137.203
959,Alvera,Ralton,araltonqm@mashable.com,Female,248.234.252.204
960,Randell,Zannetti,rzannettiqn@comsenz.com,Male,106.183.66.105
961,Kaiser,Feldberg,kfeldbergqo@mac.com,Polygender,133.231.154.107
962,Eddy,Ovett,eovettqp@xing.com,Female,20.37.234.103
963,Janaya,Klinck,jklinckqq@hc360.com,Female,116.214.84.89
964,Edik,Fairhead,efairheadqr@cnn.com,Male,106.255.177.67
965,Alasteir,Ackery,aackeryqs@patch.com,Male,245.120.14.136
966,Jemmy,Barham,jbarhamqt@marketwatch.com,Female,182.160.244.28
967,Elianora,Charpling,echarplingqu@yellowpages.com,Polygender,95.127.57.95
968,Bernadene,Polgreen,bpolgreenqv@elpais.com,Female,47.60.122.171
969,Bradley,Emlin,bemlinqw@sbwire.com,Male,164.236.99.164
970,Cirillo,Aubri,caubriqx@examiner.com,Male,148.191.192.87
971,Constantin,Dyer,cdyerqy@ifeng.com,Male,58.139.163.239
972,Tabina,Jewsbury,tjewsburyqz@wikispaces.com,Female,175.142.16.203
973,Bevan,Browne,bbrowner0@nasa.gov,Male,216.31.240.118
974,Lorraine,Okill,lokillr1@163.com,Non-binary,89.21.77.40
975,Janey,Emnoney,jemnoneyr2@yelp.com,Female,109.54.227.19
976,Briana,Keam,bkeamr3@example.com,Female,47.203.130.172
977,Gratiana,Matteacci,gmatteaccir4@reuters.com,Female,243.211.124.116
978,Melisenda,Iacivelli,miacivellir5@tumblr.com,Genderqueer,94.31.55.35
979,Gerald,Stearley,gstearleyr6@sina.com.cn,Male,13.30.188.123
980,Garvey,Fellibrand,gfellibrandr7@cnet.com,Genderfluid,101.127.17.131
981,Sayers,Blenkhorn,sblenkhornr8@soup.io,Male,82.210.207.232
982,Kimberlyn,Twiddle,ktwiddler9@so-net.ne.jp,Female,136.107.182.66
983,Meade,Cremen,mcremenra@apple.com,Female,131.132.113.254
984,Sheffield,Baudouin,sbaudouinrb@yellowpages.com,Male,40.94.242.51
985,Ashlen,Prayer,aprayerrc@oakley.com,Female,216.116.55.31
986,Roarke,Widger,rwidgerrd@xinhuanet.com,Male,198.195.150.32
987,Izaak,Greenacre,igreenacrere@amazonaws.com,Male,175.2.244.235
988,Editha,Kington,ekingtonrf@newsvine.com,Female,121.2.218.130
989,Terri,Thaine,tthainerg@goodreads.com,Female,61.176.85.208
990,Reece,Trevorrow,rtrevorrowrh@example.com,Male,248.220.210.122
991,Stephanus,Moxham,smoxhamri@sogou.com,Male,25.192.234.255
992,Ashil,Belbin,abelbinrj@unicef.org,Female,166.78.109.104
993,Darda,MacMakin,dmacmakinrk@reddit.com,Female,218.21.159.250
994,Louie,Adrian,ladrianrl@yolasite.com,Male,16.179.127.70
995,Claybourne,Redhead,credheadrm@disqus.com,Male,216.198.33.34
996,Louis,Anthony,lanthonyrn@fotki.com,Male,58.220.212.111
997,Reg,Adderley,radderleyro@is.gd,Male,62.39.134.112
998,Dreddy,Broadfield,dbroadfieldrp@hud.gov,Female,145.112.74.136
999,Alidia,Nosworthy,anosworthyrq@harvard.edu,Female,137.45.58.109
1000,Oren,Stoner,ostonerrr@w3.org,Male,133.114.146.86
